Rank,Name,Platform,Year,Genre,Publisher,NA_Sales,EU_Sales,JP_Sales,Other_Sales,Global_Sales
8861,298.0,12,1.0,10.0,71.0,0.07,0.06,0.0,0.02,0.15
16363,409.0,15,1.0,1.0,93.0,0.0,0.0,0.01,0.0,0.01
3476,167.0,11,1.0,4.0,48.0,0.32,0.22,0.0,0.04,0.58
7432,104.0,12,1.0,0.0,70.0,0.1,0.08,0.0,0.03,0.21
501,65.0,12,1.0,8.0,100.0,1.51,1.12,0.01,0.24,2.89
9013,212.0,12,1.0,8.0,100.0,0.07,0.06,0.0,0.02,0.14
12809,156.0,2,1.0,6.0,57.0,0.04,0.01,0.0,0.0,0.06
5868,449.0,12,1.0,11.0,49.0,0.0,0.0,0.3,0.0,0.3
1880,37.0,11,1.0,9.0,103.0,0.0,0.0,1.07,0.02,1.09
2976,31.0,20,1.0,0.0,100.0,0.6,0.03,0.0,0.05,0.68
11319,322.0,4,1.0,11.0,54.0,0.06,0.02,0.0,0.0,0.08
11984,36.0,7,1.0,11.0,59.0,0.06,0.01,0.0,0.0,0.07
8352,412.0,10,1.0,11.0,21.0,0.02,0.12,0.0,0.03,0.17
410,22.0,14,1.0,0.0,28.0,0.8,1.92,0.06,0.5,3.28
8280,457.0,2,1.0,0.0,123.0,0.0,0.0,0.17,0.0,0.17
11451,215.0,2,1.0,3.0,123.0,0.0,0.0,0.08,0.0,0.08
3885,462.0,15,1.0,7.0,14.0,0.13,0.07,0.27,0.05,0.51
5233,206.0,13,1.0,8.0,100.0,0.11,0.17,0.0,0.07,0.36
13301,181.0,13,1.0,10.0,51.0,0.0,0.04,0.0,0.01,0.05
16448,510.0,4,1.0,10.0,64.0,0.01,0.0,0.0,0.0,0.01
14302,261.0,10,1.0,11.0,1.0,0.01,0.02,0.0,0.01,0.03
9760,506.0,23,1.0,4.0,115.0,0.09,0.03,0.0,0.0,0.12
6320,155.0,12,1.0,0.0,68.0,0.12,0.01,0.0,0.14,0.27
5510,85.0,7,1.0,7.0,125.0,0.0,0.0,0.29,0.04,0.33
1189,114.0,8,1.0,4.0,125.0,0.59,0.14,0.81,0.02,1.56
14367,131.0,5,1.0,6.0,71.0,0.02,0.01,0.0,0.0,0.03
1436,257.0,13,1.0,2.0,54.0,0.81,0.29,0.11,0.14,1.35
8354,427.0,11,1.0,7.0,129.0,0.02,0.02,0.12,0.01,0.17
13041,441.0,15,1.0,3.0,42.0,0.0,0.0,0.05,0.0,0.05
12597,394.0,22,1.0,7.0,63.0,0.03,0.03,0.0,0.01,0.06
11652,141.0,22,1.0,3.0,71.0,0.07,0.0,0.0,0.01,0.08
5035,143.0,3,1.0,7.0,15.0,0.0,0.0,0.38,0.0,0.38
12384,350.0,11,1.0,0.0,98.0,0.03,0.02,0.0,0.0,0.06
9760,506.0,23,1.0,4.0,115.0,0.09,0.03,0.0,0.0,0.12
155,101.0,14,1.0,8.0,100.0,2.49,2.05,0.16,0.96,5.65
4358,534.0,4,1.0,3.0,103.0,0.32,0.12,0.0,0.01,0.45
2440,45.0,20,1.0,9.0,28.0,0.74,0.04,0.0,0.06,0.85
1268,111.0,20,1.0,3.0,68.0,1.08,0.28,0.0,0.13,1.49
7816,253.0,22,1.0,1.0,123.0,0.14,0.03,0.0,0.01,0.19
11406,318.0,20,1.0,0.0,3.0,0.07,0.0,0.0,0.01,0.08
8636,129.0,17,1.0,1.0,95.0,0.0,0.0,0.16,0.0,0.16
3302,485.0,12,1.0,8.0,123.0,0.3,0.23,0.0,0.08,0.61
16,221.0,22,1.0,3.0,115.0,14.97,4.94,0.24,1.67,21.82
6544,126.0,23,1.0,7.0,44.0,0.19,0.06,0.0,0.01,0.26
6573,123.0,12,1.0,1.0,10.0,0.13,0.1,0.0,0.03,0.26
2047,317.0,22,1.0,0.0,22.0,0.65,0.22,0.05,0.1,1.01
16582,328.0,7,1.0,10.0,96.0,0.01,0.0,0.0,0.0,0.01
12821,178.0,22,1.0,3.0,84.0,0.05,0.0,0.0,0.0,0.06
12751,487.0,23,1.0,8.0,30.0,0.04,0.01,0.0,0.0,0.06
13997,276.0,12,1.0,3.0,108.0,0.02,0.01,0.0,0.0,0.04
6953,284.0,12,1.0,6.0,71.0,0.12,0.09,0.0,0.03,0.24
10276,281.0,15,1.0,0.0,123.0,0.0,0.0,0.11,0.0,0.11
7517,346.0,20,1.0,0.0,8.0,0.17,0.02,0.0,0.02,0.2
14084,191.0,10,1.0,0.0,70.0,0.0,0.03,0.0,0.01,0.04
7527,269.0,13,1.0,9.0,123.0,0.06,0.0,0.14,0.01,0.2
10311,144.0,8,1.0,7.0,12.0,0.0,0.0,0.11,0.0,0.11
9350,190.0,12,1.0,3.0,62.0,0.0,0.0,0.13,0.0,0.13
9867,258.0,3,1.0,7.0,95.0,0.0,0.0,0.12,0.0,0.12
9793,531.0,2,1.0,3.0,123.0,0.0,0.0,0.12,0.0,0.12
1798,227.0,4,1.0,0.0,70.0,0.82,0.3,0.0,0.02,1.14
10829,455.0,1,1.0,0.0,123.0,0.0,0.0,0.09,0.0,0.09
12252,517.0,23,1.0,9.0,21.0,0.05,0.01,0.0,0.0,0.06
4421,482.0,12,1.0,1.0,32.0,0.22,0.17,0.0,0.06,0.44
4223,89.0,5,1.0,3.0,125.0,0.36,0.09,0.0,0.01,0.47
11020,320.0,15,1.0,0.0,132.0,0.05,0.03,0.0,0.02,0.09
7866,359.0,7,1.0,8.0,82.0,0.15,0.04,0.0,0.0,0.19
1346,295.0,12,1.0,10.0,71.0,1.16,0.08,0.0,0.19,1.44
945,188.0,7,1.0,9.0,125.0,0.83,0.06,0.93,0.0,1.83
10550,83.0,20,1.0,11.0,123.0,0.0,0.0,0.1,0.0,0.1
14682,401.0,10,1.0,3.0,123.0,0.0,0.02,0.0,0.01,0.03
8251,125.0,10,1.0,7.0,14.0,0.08,0.08,0.0,0.02,0.17
13383,81.0,2,1.0,4.0,131.0,0.04,0.0,0.0,0.0,0.05
13158,469.0,13,1.0,11.0,9.0,0.0,0.04,0.0,0.01,0.05
3758,395.0,17,1.0,1.0,8.0,0.0,0.0,0.53,0.0,0.53
8264,301.0,22,1.0,10.0,21.0,0.15,0.01,0.0,0.01,0.17
15647,300.0,5,1.0,10.0,8.0,0.01,0.0,0.0,0.0,0.02
1924,59.0,22,1.0,0.0,21.0,0.53,0.4,0.03,0.11,1.07
2963,21.0,10,1.0,0.0,28.0,0.22,0.38,0.0,0.1,0.69
5116,249.0,15,1.0,10.0,71.0,0.35,0.0,0.0,0.03,0.37
9695,148.0,17,1.0,2.0,92.0,0.0,0.0,0.12,0.0,0.12
848,226.0,13,1.0,0.0,34.0,0.77,0.85,0.01,0.37,2.0
5709,293.0,11,1.0,10.0,10.0,0.17,0.12,0.0,0.02,0.31
12591,57.0,4,1.0,1.0,47.0,0.04,0.02,0.0,0.0,0.06
1297,110.0,2,1.0,1.0,68.0,1.15,0.2,0.0,0.12,1.47
7843,437.0,22,1.0,0.0,20.0,0.15,0.03,0.0,0.01,0.19
2513,443.0,14,1.0,2.0,54.0,0.35,0.26,0.08,0.13,0.82
15291,266.0,15,1.0,11.0,9.0,0.0,0.01,0.0,0.01,0.02
8135,127.0,22,1.0,0.0,22.0,0.11,0.04,0.02,0.01,0.18
10405,338.0,2,1.0,9.0,28.0,0.1,0.0,0.0,0.01,0.11
11367,406.0,13,1.0,8.0,70.0,0.04,0.03,0.0,0.01,0.08
5959,200.0,2,1.0,9.0,28.0,0.27,0.0,0.0,0.02,0.29
142,162.0,22,1.0,8.0,115.0,3.54,1.9,0.07,0.6,6.11
4845,364.0,5,1.0,0.0,117.0,0.31,0.08,0.0,0.01,0.4
2293,86.0,13,1.0,3.0,100.0,0.42,0.34,0.0,0.14,0.91
13603,283.0,23,1.0,6.0,71.0,0.03,0.01,0.0,0.0,0.04
7237,290.0,11,1.0,10.0,89.0,0.12,0.08,0.0,0.01,0.22
8600,465.0,10,1.0,6.0,28.0,0.0,0.15,0.0,0.01,0.16
11736,26.0,2,1.0,10.0,44.0,0.07,0.0,0.0,0.01,0.07
16430,505.0,5,1.0,7.0,30.0,0.01,0.0,0.0,0.0,0.01
15037,327.0,22,1.0,10.0,128.0,0.0,0.02,0.0,0.0,0.02
14030,523.0,10,1.0,11.0,28.0,0.0,0.03,0.0,0.01,0.04
11077,397.0,14,1.0,0.0,22.0,0.02,0.01,0.05,0.01,0.09
6949,237.0,2,1.0,7.0,103.0,0.17,0.01,0.04,0.02,0.24
8893,255.0,13,1.0,10.0,21.0,0.14,0.0,0.0,0.01,0.15
9809,410.0,23,1.0,2.0,89.0,0.09,0.03,0.0,0.0,0.12
12643,468.0,22,1.0,8.0,100.0,0.05,0.0,0.0,0.0,0.06
5624,464.0,2,1.0,10.0,20.0,0.18,0.11,0.0,0.03,0.32
4344,299.0,12,1.0,10.0,71.0,0.22,0.17,0.0,0.06,0.45
14890,477.0,22,1.0,0.0,100.0,0.0,0.02,0.0,0.0,0.03
1376,263.0,20,1.0,0.0,125.0,0.87,0.31,0.13,0.1,1.41
2320,152.0,2,1.0,7.0,125.0,0.84,0.0,0.0,0.06,0.9
15586,53.0,2,1.0,5.0,91.0,0.0,0.01,0.0,0.0,0.02
138,524.0,10,1.0,7.0,100.0,0.07,6.21,0.0,0.0,6.28
10393,44.0,16,1.0,2.0,40.0,0.06,0.0,0.03,0.02,0.11
14719,353.0,23,1.0,10.0,54.0,0.02,0.01,0.0,0.0,0.03
11260,73.0,15,1.0,5.0,1.0,0.07,0.0,0.0,0.01,0.08
6507,466.0,10,1.0,7.0,21.0,0.01,0.2,0.0,0.05,0.26
11087,373.0,20,1.0,10.0,113.0,0.08,0.0,0.0,0.01,0.09
14799,176.0,10,1.0,7.0,121.0,0.02,0.0,0.0,0.0,0.03
4750,61.0,12,1.0,3.0,10.0,0.2,0.16,0.0,0.05,0.41
11105,246.0,20,1.0,8.0,109.0,0.08,0.0,0.0,0.01,0.09
2985,369.0,21,1.0,4.0,28.0,0.26,0.33,0.03,0.06,0.68
1500,224.0,15,1.0,0.0,34.0,0.57,0.46,0.0,0.28,1.32
9517,27.0,20,1.0,10.0,44.0,0.12,0.0,0.0,0.01,0.13
9067,371.0,13,1.0,7.0,58.0,0.09,0.0,0.04,0.01,0.14
15829,130.0,23,1.0,3.0,115.0,0.01,0.0,0.0,0.0,0.02
15928,355.0,14,1.0,0.0,123.0,0.0,0.01,0.0,0.0,0.02
14288,112.0,5,1.0,0.0,54.0,0.03,0.01,0.0,0.0,0.03
6297,330.0,2,1.0,5.0,123.0,0.16,0.0,0.1,0.01,0.27
14851,278.0,2,1.0,3.0,25.0,0.02,0.0,0.0,0.0,0.03
3262,134.0,16,1.0,10.0,71.0,0.17,0.34,0.02,0.09,0.62
4240,388.0,12,1.0,0.0,33.0,0.2,0.15,0.06,0.05,0.46
4471,446.0,0,1.0,5.0,44.0,0.41,0.03,0.0,0.0,0.44
15061,535.0,12,1.0,1.0,112.0,0.0,0.0,0.02,0.0,0.02
4751,274.0,5,1.0,2.0,117.0,0.31,0.08,0.0,0.01,0.41
5989,516.0,12,1.0,8.0,116.0,0.14,0.11,0.0,0.04,0.29
1059,391.0,12,1.0,8.0,10.0,1.22,0.34,0.04,0.1,1.69
5759,34.0,7,1.0,10.0,21.0,0.25,0.06,0.0,0.0,0.31
14554,231.0,13,1.0,10.0,52.0,0.0,0.02,0.0,0.01,0.03
3378,109.0,14,1.0,0.0,68.0,0.26,0.24,0.0,0.1,0.6
15145,3.0,13,1.0,1.0,11.0,0.0,0.0,0.02,0.0,0.02
15322,511.0,4,1.0,10.0,43.0,0.01,0.01,0.0,0.0,0.02
16497,229.0,1,1.0,5.0,133.0,0.0,0.01,0.0,0.0,0.01
16091,189.0,12,1.0,1.0,93.0,0.0,0.0,0.01,0.0,0.01
11966,413.0,12,1.0,0.0,103.0,0.03,0.03,0.0,0.01,0.07
13207,390.0,20,1.0,11.0,123.0,0.0,0.0,0.05,0.0,0.05
12283,113.0,4,1.0,0.0,54.0,0.05,0.02,0.0,0.0,0.06
7929,88.0,2,1.0,3.0,125.0,0.0,0.0,0.19,0.0,0.19
9415,210.0,15,1.0,10.0,103.0,0.0,0.0,0.13,0.0,0.13
6564,116.0,4,1.0,3.0,133.0,0.18,0.07,0.0,0.0,0.26
15207,494.0,13,1.0,10.0,62.0,0.0,0.02,0.0,0.0,0.02
8141,77.0,2,1.0,3.0,27.0,0.17,0.0,0.0,0.01,0.18
6042,108.0,1,1.0,0.0,68.0,0.16,0.1,0.0,0.02,0.29
5847,60.0,5,1.0,6.0,89.0,0.23,0.06,0.0,0.01,0.3
14619,315.0,16,1.0,7.0,45.0,0.0,0.0,0.03,0.0,0.03
7598,50.0,22,1.0,3.0,123.0,0.1,0.08,0.0,0.02,0.2
16325,42.0,16,1.0,1.0,93.0,0.0,0.0,0.01,0.0,0.01
15891,525.0,10,1.0,10.0,8.0,0.0,0.01,0.0,0.0,0.02
10690,339.0,2,1.0,9.0,28.0,0.09,0.0,0.0,0.01,0.1
5731,192.0,14,1.0,8.0,63.0,0.05,0.19,0.03,0.04,0.31
7758,340.0,2,1.0,9.0,28.0,0.18,0.0,0.0,0.01,0.19
5302,182.0,20,1.0,1.0,68.0,0.13,0.18,0.0,0.04,0.35
550,223.0,22,1.0,1.0,21.0,1.52,0.94,0.02,0.24,2.72
8298,25.0,12,1.0,10.0,44.0,0.08,0.07,0.0,0.02,0.17
15147,326.0,10,1.0,11.0,57.0,0.0,0.02,0.0,0.0,0.02
12510,335.0,7,1.0,6.0,20.0,0.05,0.01,0.0,0.0,0.06
5995,291.0,22,1.0,10.0,71.0,0.27,0.0,0.0,0.02,0.29
14669,378.0,10,1.0,6.0,119.0,0.0,0.03,0.0,0.0,0.03
2268,240.0,13,1.0,10.0,10.0,0.86,0.0,0.0,0.06,0.92
14209,82.0,2,1.0,6.0,131.0,0.03,0.0,0.0,0.0,0.03
7217,198.0,2,1.0,9.0,28.0,0.2,0.0,0.0,0.02,0.22
11203,222.0,15,1.0,7.0,46.0,0.06,0.0,0.02,0.01,0.09
7392,74.0,13,1.0,10.0,22.0,0.06,0.05,0.08,0.02,0.21
15538,168.0,19,1.0,8.0,91.0,0.0,0.0,0.02,0.0,0.02
11414,1.0,20,1.0,10.0,100.0,0.06,0.01,0.0,0.01,0.08
6726,530.0,13,1.0,0.0,8.0,0.0,0.0,0.25,0.0,0.25
3335,313.0,20,1.0,11.0,125.0,0.11,0.14,0.33,0.02,0.6
204,451.0,21,1.0,2.0,125.0,2.59,1.06,0.8,0.57,5.02
1756,461.0,11,1.0,6.0,70.0,0.65,0.44,0.0,0.08,1.16
3245,515.0,12,1.0,7.0,28.0,0.16,0.13,0.29,0.04,0.62
1944,95.0,22,1.0,0.0,20.0,0.67,0.29,0.01,0.1,1.06
5033,172.0,12,1.0,7.0,74.0,0.07,0.05,0.25,0.02,0.38
3733,387.0,2,1.0,7.0,6.0,0.33,0.03,0.15,0.03,0.54
8755,262.0,22,1.0,0.0,103.0,0.07,0.06,0.01,0.01,0.15
524,199.0,2,1.0,9.0,28.0,1.32,1.19,0.0,0.3,2.81
13228,117.0,1,1.0,0.0,24.0,0.0,0.0,0.05,0.0,0.05
13547,170.0,18,1.0,4.0,49.0,0.0,0.0,0.04,0.0,0.04
3529,341.0,2,1.0,9.0,28.0,0.52,0.01,0.0,0.04,0.57
9003,99.0,16,1.0,0.0,22.0,0.03,0.03,0.07,0.02,0.14
5250,184.0,23,1.0,0.0,71.0,0.27,0.08,0.0,0.01,0.36
14614,362.0,15,1.0,6.0,57.0,0.03,0.0,0.0,0.0,0.03
12874,67.0,23,1.0,6.0,87.0,0.04,0.01,0.0,0.0,0.05
11740,159.0,17,1.0,6.0,8.0,0.0,0.0,0.07,0.0,0.07
2993,115.0,24,1.0,8.0,50.0,0.39,0.23,0.0,0.06,0.68
15003,512.0,15,1.0,6.0,86.0,0.0,0.0,0.02,0.0,0.02
15857,164.0,2,1.0,9.0,56.0,0.0,0.01,0.0,0.0,0.02
10338,504.0,11,1.0,3.0,10.0,0.0,0.0,0.1,0.01,0.11
3224,423.0,22,1.0,6.0,8.0,0.2,0.37,0.0,0.06,0.63
9967,537.0,2,1.0,4.0,20.0,0.09,0.02,0.0,0.01,0.12
7910,336.0,1,1.0,9.0,109.0,0.18,0.0,0.0,0.01,0.19
14095,68.0,6,1.0,4.0,103.0,0.0,0.0,0.04,0.0,0.04
14735,277.0,20,1.0,9.0,63.0,0.0,0.02,0.0,0.0,0.03
13827,69.0,10,1.0,0.0,103.0,0.01,0.03,0.0,0.0,0.04
8241,365.0,13,1.0,10.0,100.0,0.16,0.0,0.0,0.01,0.17
7414,270.0,7,1.0,3.0,90.0,0.17,0.04,0.0,0.0,0.21
13671,508.0,15,1.0,5.0,10.0,0.04,0.0,0.0,0.0,0.04
7908,208.0,2,1.0,5.0,16.0,0.18,0.0,0.0,0.01,0.19
10717,235.0,15,1.0,7.0,14.0,0.0,0.0,0.1,0.0,0.1
3033,514.0,11,1.0,7.0,10.0,0.19,0.13,0.31,0.04,0.67
4101,93.0,22,1.0,8.0,62.0,0.22,0.2,0.01,0.05,0.48
9105,445.0,1,1.0,0.0,126.0,0.0,0.0,0.14,0.0,0.14
3712,267.0,24,1.0,1.0,120.0,0.29,0.21,0.0,0.05,0.54
16250,500.0,15,1.0,2.0,49.0,0.0,0.0,0.01,0.0,0.01
10310,442.0,5,1.0,6.0,47.0,0.08,0.02,0.0,0.0,0.11
14942,404.0,4,1.0,8.0,87.0,0.02,0.01,0.0,0.0,0.02
11989,264.0,7,1.0,10.0,20.0,0.06,0.01,0.0,0.0,0.07
13808,377.0,10,1.0,0.0,54.0,0.0,0.03,0.0,0.01,0.04
12026,195.0,16,1.0,3.0,110.0,0.0,0.0,0.07,0.0,0.07
12789,472.0,9,1.0,2.0,7.0,0.0,0.0,0.06,0.0,0.06
12722,396.0,12,1.0,0.0,8.0,0.03,0.02,0.0,0.01,0.06
15961,124.0,2,1.0,11.0,17.0,0.01,0.0,0.0,0.0,0.02
6212,92.0,16,1.0,0.0,127.0,0.1,0.03,0.12,0.04,0.28
4067,133.0,13,1.0,6.0,57.0,0.07,0.31,0.02,0.08,0.49
7520,279.0,20,1.0,10.0,52.0,0.14,0.04,0.0,0.02,0.2
899,372.0,12,1.0,8.0,20.0,0.76,0.96,0.0,0.2,1.92
6187,28.0,12,1.0,2.0,70.0,0.14,0.11,0.0,0.04,0.28
1737,103.0,11,1.0,6.0,5.0,0.65,0.44,0.0,0.08,1.17
6362,382.0,22,1.0,3.0,103.0,0.25,0.0,0.0,0.02,0.27
3190,132.0,13,1.0,6.0,57.0,0.01,0.45,0.03,0.15,0.63
6925,321.0,14,1.0,0.0,127.0,0.13,0.02,0.04,0.04,0.24
6464,297.0,11,1.0,10.0,10.0,0.15,0.1,0.0,0.02,0.26
11169,230.0,21,1.0,0.0,34.0,0.04,0.04,0.0,0.01,0.09
6668,41.0,5,1.0,4.0,8.0,0.19,0.05,0.0,0.01,0.25
631,147.0,11,1.0,7.0,15.0,0.93,0.12,1.34,0.06,2.45
16094,173.0,23,1.0,6.0,73.0,0.01,0.0,0.0,0.0,0.01
2210,245.0,23,1.0,10.0,71.0,0.7,0.2,0.0,0.03,0.94
4800,519.0,20,1.0,0.0,100.0,0.38,0.0,0.0,0.03,0.4
372,376.0,22,1.0,0.0,54.0,2.11,0.94,0.12,0.34,3.51
14858,473.0,23,1.0,2.0,30.0,0.02,0.01,0.0,0.0,0.03
5744,17.0,12,1.0,9.0,122.0,0.07,0.06,0.16,0.02,0.31
1678,161.0,8,1.0,4.0,103.0,0.0,0.0,1.2,0.0,1.2
5806,142.0,15,1.0,7.0,112.0,0.18,0.01,0.1,0.02,0.31
1233,479.0,12,1.0,10.0,71.0,0.36,0.9,0.0,0.27,1.52
4942,48.0,12,1.0,0.0,70.0,0.19,0.15,0.0,0.05,0.39
12407,4.0,1,1.0,9.0,41.0,0.0,0.0,0.06,0.0,0.06
14339,121.0,13,1.0,7.0,54.0,0.0,0.0,0.03,0.0,0.03
4009,347.0,11,1.0,7.0,10.0,0.0,0.0,0.46,0.03,0.5
9958,486.0,16,1.0,7.0,2.0,0.06,0.01,0.02,0.02,0.12
667,180.0,10,1.0,8.0,32.0,2.28,0.02,0.08,0.0,2.37
6021,533.0,16,1.0,0.0,124.0,0.15,0.01,0.1,0.04,0.29
8672,271.0,2,1.0,1.0,20.0,0.14,0.01,0.0,0.01,0.16
4825,205.0,13,1.0,0.0,8.0,0.14,0.19,0.0,0.07,0.4
2016,424.0,13,1.0,4.0,8.0,0.56,0.33,0.01,0.14,1.03
10408,76.0,16,1.0,7.0,28.0,0.0,0.07,0.02,0.02,0.11
1414,225.0,12,1.0,0.0,106.0,0.6,0.01,0.0,0.76,1.37
4125,483.0,12,1.0,11.0,71.0,0.23,0.18,0.0,0.06,0.48
14786,35.0,10,1.0,8.0,71.0,0.0,0.02,0.0,0.0,0.03
4198,478.0,20,1.0,4.0,68.0,0.29,0.13,0.0,0.04,0.47
5588,460.0,22,1.0,6.0,44.0,0.23,0.04,0.02,0.03,0.32
12348,58.0,11,1.0,5.0,89.0,0.04,0.02,0.0,0.0,0.06
2321,232.0,13,1.0,0.0,10.0,0.42,0.32,0.01,0.15,0.9
9075,63.0,2,1.0,9.0,109.0,0.13,0.0,0.0,0.01,0.14
14358,122.0,11,1.0,0.0,89.0,0.02,0.01,0.0,0.0,0.03
3830,431.0,2,1.0,7.0,68.0,0.37,0.11,0.0,0.04,0.52
618,383.0,23,1.0,0.0,21.0,1.84,0.56,0.0,0.09,2.49
11046,367.0,13,1.0,4.0,10.0,0.01,0.06,0.0,0.02,0.09
7233,513.0,2,1.0,1.0,28.0,0.2,0.0,0.0,0.02,0.22
3440,492.0,20,1.0,0.0,21.0,0.15,0.37,0.0,0.07,0.58
3765,120.0,13,1.0,7.0,127.0,0.25,0.07,0.17,0.05,0.53
7807,139.0,22,1.0,2.0,71.0,0.15,0.02,0.0,0.02,0.19
13203,351.0,11,1.0,10.0,96.0,0.03,0.02,0.0,0.0,0.05
9248,408.0,4,1.0,7.0,44.0,0.03,0.01,0.09,0.0,0.14
9722,13.0,2,1.0,0.0,123.0,0.0,0.0,0.12,0.0,0.12
15542,480.0,14,1.0,5.0,66.0,0.0,0.02,0.0,0.0,0.02
5446,153.0,22,1.0,8.0,106.0,0.15,0.14,0.0,0.04,0.33
2299,241.0,12,1.0,10.0,10.0,0.44,0.35,0.0,0.12,0.9
15189,532.0,15,1.0,3.0,37.0,0.0,0.0,0.02,0.0,0.02
13296,238.0,2,1.0,1.0,38.0,0.04,0.0,0.0,0.0,0.05
12887,46.0,12,1.0,2.0,10.0,0.0,0.0,0.05,0.0,0.05
6346,289.0,7,1.0,10.0,89.0,0.25,0.02,0.0,0.0,0.27
14818,374.0,11,1.0,6.0,97.0,0.01,0.01,0.0,0.0,0.03
15258,444.0,18,1.0,2.0,18.0,0.0,0.0,0.02,0.0,0.02
12066,280.0,2,1.0,10.0,44.0,0.05,0.01,0.0,0.01,0.07
8084,354.0,13,1.0,10.0,103.0,0.0,0.0,0.18,0.0,0.18
12231,348.0,4,1.0,8.0,35.0,0.05,0.02,0.0,0.0,0.07
1299,529.0,11,1.0,7.0,15.0,0.29,0.19,0.89,0.1,1.46
16061,507.0,10,1.0,6.0,52.0,0.0,0.01,0.0,0.0,0.01
15765,498.0,2,1.0,3.0,60.0,0.0,0.0,0.02,0.0,0.02
12402,458.0,23,1.0,3.0,115.0,0.05,0.01,0.0,0.0,0.06
3973,24.0,20,1.0,9.0,1.0,0.34,0.12,0.0,0.04,0.5
12997,499.0,23,1.0,5.0,1.0,0.04,0.01,0.0,0.0,0.05
6171,66.0,12,1.0,5.0,36.0,0.0,0.23,0.0,0.05,0.28
5988,294.0,5,1.0,10.0,71.0,0.23,0.06,0.0,0.01,0.29
3436,135.0,2,1.0,10.0,71.0,0.14,0.37,0.0,0.07,0.59
13653,106.0,5,1.0,2.0,44.0,0.03,0.01,0.0,0.0,0.04
6194,259.0,18,1.0,4.0,104.0,0.03,0.01,0.23,0.01,0.28
11332,75.0,18,1.0,3.0,75.0,0.0,0.0,0.08,0.0,0.08
11347,325.0,12,1.0,10.0,74.0,0.0,0.0,0.08,0.0,0.08
9250,463.0,20,1.0,3.0,28.0,0.13,0.0,0.0,0.01,0.14
16438,166.0,16,1.0,1.0,40.0,0.0,0.0,0.01,0.0,0.01
9317,484.0,5,1.0,10.0,71.0,0.1,0.03,0.0,0.0,0.14
3266,435.0,20,1.0,0.0,20.0,0.57,0.01,0.0,0.04,0.62
6805,305.0,11,1.0,10.0,10.0,0.0,0.0,0.23,0.02,0.24
1820,452.0,12,1.0,6.0,100.0,0.55,0.43,0.0,0.14,1.12
489,329.0,4,1.0,5.0,44.0,2.07,0.77,0.05,0.05,2.94
12934,502.0,16,1.0,3.0,39.0,0.0,0.0,0.05,0.0,0.05
6481,306.0,2,1.0,1.0,57.0,0.24,0.0,0.0,0.02,0.26
15511,179.0,16,1.0,1.0,93.0,0.0,0.0,0.02,0.0,0.02
3470,286.0,12,1.0,6.0,30.0,0.28,0.22,0.0,0.07,0.58
1143,163.0,22,1.0,8.0,115.0,0.92,0.53,0.03,0.13,1.61
13211,9.0,13,1.0,0.0,62.0,0.02,0.02,0.0,0.01,0.05
11349,316.0,1,1.0,5.0,91.0,0.05,0.03,0.0,0.01,0.08
15097,105.0,10,1.0,6.0,57.0,0.0,0.02,0.0,0.0,0.02
15332,186.0,10,1.0,7.0,71.0,0.0,0.02,0.0,0.0,0.02
815,311.0,22,1.0,6.0,71.0,1.04,0.8,0.01,0.22,2.06
4359,415.0,13,1.0,3.0,10.0,0.11,0.26,0.0,0.08,0.45
6486,356.0,20,1.0,9.0,44.0,0.24,0.0,0.0,0.02,0.26
6502,7.0,2,1.0,1.0,54.0,0.0,0.0,0.26,0.0,0.26
14342,282.0,2,1.0,9.0,14.0,0.0,0.0,0.03,0.0,0.03
6463,39.0,2,1.0,7.0,91.0,0.08,0.03,0.14,0.01,0.26
14441,29.0,16,1.0,0.0,93.0,0.0,0.0,0.03,0.0,0.03
2907,201.0,22,1.0,7.0,14.0,0.34,0.18,0.12,0.06,0.7
11463,211.0,20,1.0,6.0,103.0,0.07,0.0,0.0,0.01,0.08
735,381.0,22,1.0,3.0,71.0,1.78,0.24,0.0,0.18,2.2
14838,220.0,20,1.0,6.0,114.0,0.02,0.0,0.0,0.0,0.03
3996,254.0,22,1.0,10.0,21.0,0.47,0.0,0.0,0.03,0.5
1553,70.0,11,1.0,4.0,103.0,0.58,0.4,0.21,0.08,1.27
7049,236.0,2,1.0,7.0,6.0,0.21,0.0,0.0,0.02,0.23
6397,202.0,12,1.0,6.0,8.0,0.0,0.0,0.27,0.0,0.27
4627,19.0,7,1.0,8.0,0.0,0.34,0.07,0.0,0.0,0.42
13440,8.0,4,1.0,3.0,100.0,0.03,0.01,0.0,0.0,0.05
9320,0.0,2,1.0,0.0,100.0,0.11,0.01,0.0,0.01,0.14
20,55.0,2,1.0,3.0,125.0,4.75,9.26,4.16,2.05,20.22
341,265.0,15,1.0,6.0,21.0,1.65,1.22,0.0,0.79,3.66
4285,419.0,22,1.0,0.0,100.0,0.24,0.18,0.0,0.04,0.46
6635,160.0,13,1.0,7.0,79.0,0.1,0.11,0.0,0.04,0.25
1834,247.0,14,1.0,0.0,34.0,0.32,0.58,0.04,0.17,1.11
16104,10.0,23,1.0,0.0,20.0,0.01,0.0,0.0,0.0,0.01
4197,379.0,22,1.0,0.0,8.0,0.28,0.13,0.01,0.04,0.47
14867,272.0,22,1.0,7.0,54.0,0.0,0.0,0.03,0.0,0.03
14575,185.0,15,1.0,1.0,103.0,0.0,0.0,0.03,0.0,0.03
10999,100.0,12,1.0,0.0,103.0,0.0,0.0,0.09,0.0,0.09
15777,18.0,23,1.0,8.0,87.0,0.01,0.0,0.0,0.0,0.02
6858,303.0,12,1.0,6.0,31.0,0.12,0.09,0.0,0.03,0.24
13370,252.0,10,1.0,0.0,21.0,0.0,0.04,0.0,0.01,0.05
16211,448.0,4,1.0,3.0,133.0,0.01,0.0,0.0,0.0,0.01
351,375.0,12,1.0,0.0,54.0,2.08,0.83,0.46,0.25,3.62
6221,405.0,2,1.0,3.0,34.0,0.26,0.0,0.0,0.02,0.28
1380,285.0,12,1.0,6.0,71.0,0.69,0.54,0.0,0.18,1.41
3023,432.0,11,1.0,0.0,10.0,0.37,0.25,0.0,0.04,0.67
1566,384.0,20,1.0,10.0,21.0,0.39,0.73,0.0,0.15,1.27
16533,453.0,24,1.0,6.0,118.0,0.0,0.01,0.0,0.0,0.01
16112,334.0,10,1.0,0.0,13.0,0.0,0.01,0.0,0.0,0.01
3238,319.0,18,1.0,11.0,22.0,0.3,0.0,0.32,0.0,0.62
5463,16.0,15,1.0,3.0,10.0,0.13,0.15,0.0,0.05,0.33
571,488.0,12,1.0,0.0,28.0,1.15,1.11,0.0,0.4,2.65
10103,138.0,2,1.0,5.0,31.0,0.1,0.0,0.0,0.01,0.11
10454,140.0,22,1.0,3.0,28.0,0.1,0.0,0.0,0.01,0.1
12843,52.0,12,1.0,5.0,54.0,0.03,0.02,0.0,0.01,0.05
13973,158.0,17,1.0,2.0,18.0,0.0,0.0,0.04,0.0,0.04
4812,337.0,11,1.0,11.0,10.0,0.0,0.0,0.38,0.03,0.4
10099,79.0,12,1.0,0.0,28.0,0.06,0.04,0.0,0.01,0.11
5413,438.0,15,1.0,7.0,14.0,0.14,0.02,0.16,0.02,0.34
7195,366.0,20,1.0,10.0,100.0,0.2,0.0,0.0,0.02,0.22
7083,470.0,12,1.0,6.0,70.0,0.11,0.09,0.0,0.03,0.23
15569,454.0,13,1.0,3.0,123.0,0.0,0.0,0.02,0.0,0.02
16399,398.0,2,1.0,0.0,107.0,0.0,0.0,0.01,0.0,0.01
1286,489.0,23,1.0,0.0,28.0,0.82,0.59,0.0,0.07,1.48
7278,527.0,12,1.0,6.0,100.0,0.11,0.08,0.0,0.03,0.22
1913,370.0,11,1.0,10.0,117.0,0.6,0.41,0.0,0.07,1.08
10993,209.0,12,1.0,10.0,103.0,0.0,0.0,0.09,0.0,0.09
11643,302.0,5,1.0,10.0,117.0,0.06,0.02,0.0,0.0,0.08
10165,426.0,22,1.0,4.0,53.0,0.1,0.0,0.0,0.01,0.11
2569,5.0,20,1.0,3.0,28.0,0.19,0.5,0.0,0.11,0.8
3976,47.0,13,1.0,2.0,127.0,0.27,0.11,0.07,0.05,0.5
9327,360.0,15,1.0,7.0,123.0,0.0,0.0,0.14,0.0,0.14
9441,421.0,2,1.0,10.0,8.0,0.0,0.0,0.13,0.0,0.13
6020,151.0,12,1.0,6.0,21.0,0.14,0.11,0.0,0.04,0.29
12283,113.0,4,1.0,0.0,54.0,0.05,0.02,0.0,0.0,0.06
5177,216.0,12,1.0,1.0,55.0,0.0,0.0,0.36,0.0,0.36
10025,146.0,15,1.0,7.0,14.0,0.0,0.0,0.11,0.0,0.11
475,522.0,12,1.0,10.0,103.0,0.12,1.26,1.16,0.45,2.99
2706,145.0,8,1.0,7.0,15.0,0.0,0.0,0.76,0.0,0.76
2983,296.0,23,1.0,10.0,71.0,0.63,0.02,0.0,0.03,0.68
1273,32.0,7,1.0,4.0,125.0,0.82,0.36,0.25,0.06,1.49
15464,6.0,15,1.0,1.0,4.0,0.0,0.0,0.02,0.0,0.02
12677,243.0,2,1.0,10.0,21.0,0.05,0.0,0.0,0.0,0.06
7767,107.0,4,1.0,0.0,19.0,0.14,0.05,0.0,0.0,0.19
11395,136.0,4,1.0,10.0,71.0,0.06,0.02,0.0,0.0,0.08
9656,521.0,11,1.0,10.0,103.0,0.0,0.0,0.12,0.01,0.13
4797,287.0,12,1.0,10.0,21.0,0.33,0.01,0.0,0.05,0.4
4429,430.0,12,1.0,0.0,71.0,0.22,0.17,0.0,0.06,0.44
10512,98.0,12,1.0,0.0,10.0,0.05,0.04,0.0,0.01,0.1
12757,475.0,2,1.0,1.0,128.0,0.02,0.03,0.0,0.01,0.06
1277,312.0,20,1.0,10.0,125.0,0.37,0.69,0.28,0.14,1.48
12953,175.0,12,1.0,7.0,6.0,0.0,0.0,0.05,0.0,0.05
1471,418.0,22,1.0,4.0,100.0,0.86,0.36,0.0,0.11,1.33
5278,436.0,20,1.0,3.0,20.0,0.25,0.07,0.0,0.03,0.35
8853,491.0,5,1.0,9.0,23.0,0.12,0.03,0.0,0.0,0.15
14248,352.0,11,1.0,8.0,48.0,0.02,0.01,0.0,0.0,0.03
3956,11.0,22,1.0,1.0,71.0,0.27,0.15,0.04,0.04,0.5
4929,392.0,23,1.0,10.0,71.0,0.29,0.08,0.0,0.01,0.39
9074,244.0,12,1.0,3.0,57.0,0.07,0.05,0.0,0.02,0.14
3270,509.0,15,1.0,2.0,20.0,0.25,0.23,0.0,0.14,0.62
3584,520.0,22,1.0,8.0,100.0,0.28,0.22,0.0,0.06,0.56
7965,361.0,12,1.0,8.0,114.0,0.09,0.07,0.0,0.02,0.19
11062,38.0,15,1.0,0.0,28.0,0.08,0.0,0.0,0.01,0.09
11368,150.0,12,1.0,0.0,10.0,0.0,0.0,0.08,0.0,0.08
6764,495.0,13,1.0,8.0,57.0,0.21,0.01,0.0,0.02,0.25
13258,51.0,2,1.0,5.0,94.0,0.04,0.0,0.0,0.0,0.05
15685,214.0,2,1.0,9.0,103.0,0.0,0.0,0.02,0.0,0.02
11871,518.0,20,1.0,10.0,103.0,0.0,0.0,0.07,0.0,0.07
15736,87.0,2,1.0,3.0,63.0,0.01,0.0,0.0,0.0,0.02
6702,62.0,11,1.0,3.0,97.0,0.14,0.09,0.0,0.02,0.25
13075,30.0,15,1.0,0.0,123.0,0.0,0.0,0.05,0.0,0.05
16347,78.0,10,1.0,9.0,130.0,0.0,0.01,0.0,0.0,0.01
9110,380.0,10,1.0,7.0,63.0,0.0,0.11,0.0,0.03,0.14
116,501.0,13,1.0,0.0,10.0,2.77,2.8,0.19,1.06,6.83
5312,310.0,5,1.0,6.0,71.0,0.27,0.07,0.0,0.01,0.35
3202,204.0,15,1.0,0.0,8.0,0.46,0.09,0.0,0.09,0.63
15333,218.0,20,1.0,2.0,112.0,0.0,0.0,0.02,0.0,0.02
16330,203.0,10,1.0,8.0,123.0,0.01,0.0,0.0,0.0,0.01
5189,433.0,22,1.0,0.0,100.0,0.24,0.09,0.0,0.03,0.36
16323,493.0,4,1.0,5.0,105.0,0.01,0.0,0.0,0.0,0.01
13950,40.0,4,1.0,6.0,38.0,0.03,0.01,0.0,0.0,0.04
16358,197.0,10,1.0,7.0,97.0,0.0,0.01,0.0,0.0,0.01
15760,194.0,2,1.0,6.0,128.0,0.02,0.0,0.0,0.0,0.02
93,439.0,14,1.0,8.0,71.0,2.93,3.29,0.22,1.23,7.67
15747,84.0,15,1.0,1.0,61.0,0.0,0.0,0.02,0.0,0.02
4116,14.0,7,1.0,10.0,89.0,0.44,0.04,0.0,0.0,0.48
5777,248.0,2,1.0,4.0,100.0,0.25,0.04,0.0,0.03,0.31
7474,476.0,20,1.0,3.0,20.0,0.19,0.0,0.0,0.01,0.21
11166,43.0,4,1.0,0.0,20.0,0.06,0.02,0.0,0.0,0.09
1536,177.0,20,1.0,3.0,100.0,1.04,0.14,0.0,0.1,1.29
4666,345.0,12,1.0,0.0,68.0,0.2,0.16,0.0,0.05,0.42
796,288.0,22,1.0,0.0,21.0,1.84,0.12,0.01,0.13,2.09
15416,157.0,15,1.0,1.0,93.0,0.0,0.0,0.02,0.0,0.02
13979,447.0,16,1.0,7.0,123.0,0.0,0.0,0.04,0.0,0.04
5485,456.0,5,1.0,4.0,20.0,0.26,0.07,0.0,0.01,0.33
8608,403.0,2,1.0,9.0,20.0,0.15,0.0,0.0,0.01,0.16
15254,332.0,10,1.0,8.0,69.0,0.0,0.02,0.0,0.0,0.02
5229,526.0,2,1.0,11.0,20.0,0.07,0.25,0.0,0.04,0.36
7842,96.0,11,1.0,2.0,54.0,0.11,0.07,0.0,0.01,0.19
11434,90.0,22,1.0,9.0,103.0,0.08,0.0,0.0,0.01,0.08
15779,399.0,2,1.0,3.0,83.0,0.0,0.0,0.02,0.0,0.02
2883,349.0,12,1.0,0.0,20.0,0.35,0.27,0.0,0.09,0.71
13869,331.0,1,1.0,5.0,102.0,0.0,0.04,0.0,0.0,0.04
9086,187.0,2,1.0,7.0,88.0,0.13,0.0,0.0,0.01,0.14
6466,304.0,12,1.0,8.0,111.0,0.13,0.1,0.0,0.03,0.26
6335,154.0,12,1.0,7.0,14.0,0.13,0.1,0.0,0.03,0.27
14937,503.0,2,1.0,1.0,30.0,0.0,0.02,0.0,0.0,0.02
5228,213.0,22,1.0,3.0,28.0,0.23,0.1,0.0,0.03,0.36
2651,311.0,15,1.0,6.0,71.0,0.24,0.33,0.01,0.2,0.78
2938,239.0,13,1.0,10.0,10.0,0.64,0.0,0.0,0.05,0.7
4331,97.0,1,1.0,2.0,29.0,0.13,0.21,0.07,0.03,0.45
5130,85.0,5,1.0,7.0,125.0,0.29,0.07,0.0,0.01,0.37
2895,425.0,11,1.0,8.0,89.0,0.39,0.27,0.0,0.05,0.71
5156,268.0,3,1.0,11.0,67.0,0.0,0.0,0.37,0.0,0.37
3987,33.0,11,1.0,10.0,99.0,0.28,0.19,0.0,0.03,0.5
15790,227.0,10,1.0,0.0,70.0,0.0,0.01,0.0,0.0,0.02
7401,467.0,5,1.0,4.0,20.0,0.16,0.04,0.0,0.01,0.21
1453,393.0,11,1.0,7.0,15.0,0.15,0.04,1.07,0.09,1.35
16307,275.0,4,1.0,6.0,28.0,0.01,0.0,0.0,0.0,0.01
12918,314.0,1,1.0,0.0,80.0,0.0,0.0,0.05,0.0,0.05
15118,56.0,15,1.0,7.0,77.0,0.0,0.0,0.02,0.0,0.02
13413,20.0,13,1.0,0.0,22.0,0.0,0.0,0.05,0.0,0.05
15986,119.0,2,1.0,3.0,71.0,0.0,0.0,0.01,0.0,0.01
13674,23.0,11,1.0,1.0,133.0,0.0,0.0,0.04,0.0,0.04
5639,363.0,11,1.0,6.0,10.0,0.18,0.12,0.0,0.02,0.32
11121,420.0,23,1.0,8.0,28.0,0.07,0.02,0.0,0.0,0.09
9096,191.0,23,1.0,0.0,70.0,0.11,0.03,0.0,0.01,0.14
11723,402.0,23,1.0,4.0,20.0,0.06,0.02,0.0,0.0,0.08
6545,481.0,13,1.0,1.0,79.0,0.05,0.15,0.0,0.06,0.26
11333,165.0,22,1.0,10.0,52.0,0.0,0.07,0.0,0.01,0.08
11556,54.0,4,1.0,10.0,20.0,0.06,0.02,0.0,0.0,0.08
3843,292.0,13,1.0,10.0,71.0,0.46,0.0,0.02,0.04,0.52
10154,450.0,1,1.0,0.0,123.0,0.0,0.0,0.11,0.0,0.11
16079,137.0,2,1.0,10.0,65.0,0.01,0.0,0.0,0.0,0.01
2864,118.0,14,1.0,0.0,14.0,0.16,0.13,0.37,0.06,0.71
13105,228.0,10,1.0,0.0,34.0,0.0,0.04,0.0,0.01,0.05
9481,414.0,7,1.0,8.0,125.0,0.0,0.0,0.13,0.0,0.13
16165,484.0,10,1.0,10.0,71.0,0.0,0.01,0.0,0.0,0.01
8004,358.0,22,1.0,10.0,28.0,0.08,0.09,0.0,0.02,0.18
14339,121.0,13,1.0,7.0,54.0,0.0,0.0,0.03,0.0,0.03
6090,385.0,18,1.0,11.0,22.0,0.0,0.0,0.29,0.0,0.29
10056,174.0,12,1.0,7.0,46.0,0.06,0.04,0.0,0.01,0.11
1680,422.0,3,1.0,8.0,125.0,0.4,0.39,0.36,0.04,1.2
13305,80.0,2,1.0,3.0,6.0,0.04,0.0,0.0,0.0,0.05
5367,459.0,22,1.0,0.0,115.0,0.27,0.02,0.02,0.03,0.34
8366,71.0,12,1.0,0.0,71.0,0.08,0.06,0.0,0.02,0.17
14961,217.0,15,1.0,1.0,93.0,0.0,0.0,0.02,0.0,0.02
3906,434.0,4,1.0,3.0,20.0,0.37,0.14,0.0,0.01,0.51
15416,157.0,15,1.0,1.0,93.0,0.0,0.0,0.02,0.0,0.02
4999,165.0,13,1.0,10.0,52.0,0.15,0.17,0.0,0.07,0.38
4232,102.0,23,1.0,8.0,20.0,0.34,0.11,0.0,0.02,0.46
14009,307.0,15,1.0,5.0,59.0,0.03,0.0,0.0,0.0,0.04
8527,91.0,12,1.0,3.0,100.0,0.08,0.06,0.0,0.02,0.16
9421,490.0,23,1.0,0.0,70.0,0.1,0.03,0.0,0.0,0.13
9763,260.0,22,1.0,0.0,20.0,0.07,0.04,0.0,0.01,0.12
12347,407.0,22,1.0,1.0,79.0,0.03,0.03,0.0,0.01,0.06
10502,491.0,4,1.0,9.0,113.0,0.07,0.03,0.0,0.0,0.1
5991,149.0,15,1.0,6.0,72.0,0.13,0.11,0.0,0.06,0.29
12752,171.0,10,1.0,7.0,101.0,0.0,0.05,0.0,0.01,0.06
1260,251.0,12,1.0,10.0,71.0,1.19,0.07,0.05,0.2,1.5
560,417.0,22,1.0,10.0,71.0,1.46,0.98,0.0,0.24,2.68
12329,324.0,13,1.0,0.0,81.0,0.04,0.01,0.0,0.01,0.06
11001,64.0,2,1.0,9.0,109.0,0.09,0.0,0.0,0.01,0.09
8023,416.0,12,1.0,1.0,10.0,0.09,0.07,0.0,0.02,0.18
5867,233.0,2,1.0,0.0,34.0,0.28,0.0,0.0,0.02,0.3
539,538.0,14,1.0,0.0,10.0,1.27,0.97,0.07,0.47,2.78
11915,183.0,12,1.0,6.0,52.0,0.03,0.03,0.0,0.01,0.07
12203,273.0,2,1.0,4.0,109.0,0.06,0.0,0.0,0.0,0.07
12776,128.0,12,1.0,10.0,103.0,0.03,0.02,0.0,0.01,0.06
8188,440.0,10,1.0,8.0,106.0,0.02,0.13,0.0,0.03,0.18
12158,344.0,15,1.0,5.0,72.0,0.06,0.0,0.0,0.01,0.07
13153,310.0,10,1.0,6.0,71.0,0.0,0.04,0.0,0.01,0.05
7500,471.0,9,1.0,2.0,7.0,0.0,0.0,0.2,0.0,0.2
11947,234.0,23,1.0,0.0,44.0,0.05,0.02,0.0,0.0,0.07
8617,386.0,2,1.0,7.0,17.0,0.16,0.0,0.0,0.0,0.16
1243,250.0,24,1.0,10.0,71.0,1.3,0.09,0.0,0.12,1.51
15878,494.0,1,1.0,10.0,62.0,0.0,0.01,0.0,0.0,0.02
3530,309.0,12,1.0,2.0,123.0,0.47,0.02,0.0,0.08,0.57
13733,242.0,22,1.0,10.0,21.0,0.04,0.0,0.0,0.0,0.04
11712,343.0,23,1.0,3.0,59.0,0.06,0.02,0.0,0.0,0.08
2210,245.0,23,1.0,10.0,71.0,0.7,0.2,0.0,0.03,0.94
15209,474.0,10,1.0,11.0,71.0,0.01,0.01,0.0,0.0,0.02
7782,428.0,2,1.0,8.0,14.0,0.17,0.01,0.0,0.01,0.19
12198,389.0,22,1.0,6.0,52.0,0.0,0.06,0.0,0.01,0.07
12535,342.0,20,1.0,8.0,30.0,0.03,0.02,0.0,0.0,0.06
2131,536.0,20,1.0,4.0,20.0,0.5,0.37,0.0,0.1,0.97
4899,308.0,20,1.0,2.0,25.0,0.34,0.02,0.0,0.03,0.39
15983,496.0,10,1.0,0.0,26.0,0.0,0.01,0.0,0.0,0.01
7849,2.0,23,1.0,10.0,71.0,0.14,0.04,0.0,0.01,0.19
15111,323.0,2,1.0,1.0,78.0,0.0,0.0,0.02,0.0,0.02
12172,528.0,4,1.0,0.0,100.0,0.05,0.02,0.0,0.0,0.07
15098,219.0,20,1.0,6.0,114.0,0.02,0.0,0.0,0.0,0.02
9151,400.0,20,1.0,3.0,34.0,0.13,0.0,0.0,0.01,0.14
14107,12.0,4,1.0,0.0,100.0,0.03,0.01,0.0,0.0,0.03
10284,497.0,23,1.0,4.0,71.0,0.08,0.02,0.0,0.0,0.11
13857,333.0,11,1.0,1.0,96.0,0.02,0.01,0.0,0.0,0.04
9787,72.0,23,1.0,6.0,71.0,0.09,0.03,0.0,0.0,0.12
1290,256.0,7,1.0,0.0,125.0,0.62,0.18,0.65,0.02,1.47
12814,15.0,5,1.0,11.0,8.0,0.04,0.01,0.0,0.0,0.06
2722,94.0,22,1.0,7.0,123.0,0.48,0.2,0.01,0.06,0.76
13701,169.0,15,1.0,3.0,22.0,0.03,0.0,0.0,0.0,0.04
10844,368.0,22,1.0,8.0,76.0,0.08,0.01,0.0,0.01,0.09
9127,357.0,11,1.0,11.0,85.0,0.0,0.0,0.13,0.01,0.14
4378,193.0,4,1.0,6.0,20.0,0.32,0.12,0.0,0.01,0.45
5776,207.0,12,1.0,3.0,10.0,0.15,0.12,0.0,0.04,0.31
662,49.0,14,1.0,0.0,10.0,1.0,0.76,0.26,0.36,2.38
7811,196.0,12,1.0,6.0,50.0,0.09,0.07,0.0,0.02,0.19
2032,411.0,5,1.0,4.0,100.0,0.73,0.26,0.01,0.03,1.02
9577,429.0,23,1.0,0.0,8.0,0.1,0.03,0.0,0.0,0.13
